Algorithm,Type,Security Level,Key Generation (ms),Key Gen Std (ms),Public Key Size (bytes),Secret Key Size (bytes),Message Size (bytes),Signing (ms),Sign Std (ms),Verification (ms),Verify Std (ms),Signature Size (bytes),Family
Dilithium2,Post-Quantum,2,0.023542404174804688,0.0018755900924685852,1312,0,1024,0.061892271041870124,0.03193012395622983,0.02506566047668457,0.0016825547443777534,2420,Dilithium2
Dilithium2,Post-Quantum,2,0.023542404174804688,0.0018755900924685852,1312,0,10240,0.07890772819519043,0.029149888189730064,0.044054508209228516,0.002948040823386705,2420,Dilithium2
Dilithium2,Post-Quantum,2,0.023542404174804688,0.0018755900924685852,1312,0,102400,0.2689032554626465,0.03423256182048199,0.2324516773223877,0.008294918746876346,2420,Dilithium2
Dilithium2,Post-Quantum,2,0.023542404174804688,0.0018755900924685852,1312,0,1048576,2.223479986190796,0.05934930592772305,2.186554193496704,0.0472080211735954,2420,Dilithium2
Dilithium3,Post-Quantum,3,0.03840470314025879,0.0024764385169666007,1952,0,1024,0.09401631355285645,0.05056026626840362,0.0391695499420166,0.0023483138252672286,3293,Dilithium3
Dilithium3,Post-Quantum,3,0.03840470314025879,0.0024764385169666007,1952,0,10240,0.11887621879577637,0.05457509567580789,0.05976152420043945,0.0054516640066272805,3293,Dilithium3
Dilithium3,Post-Quantum,3,0.03840470314025879,0.0024764385169666007,1952,0,102400,0.3098127841949463,0.051310919482347166,0.25472211837768555,0.008661311133644094,3293,Dilithium3
Dilithium3,Post-Quantum,3,0.03840470314025879,0.0024764385169666007,1952,0,1048576,2.250291109085083,0.07190896160022078,2.194856643676758,0.05059637229558564,3293,Dilithium3
Dilithium5,Post-Quantum,5,0.06159329414367676,0.004715149929244816,2592,0,1024,0.1175849437713623,0.04998118408464384,0.06011605262756348,0.0038442655980073545,4595,Dilithium5
Dilithium5,Post-Quantum,5,0.06159329414367676,0.004715149929244816,2592,0,10240,0.13548922538757324,0.05210929661008621,0.07915568351745605,0.004335423994529586,4595,Dilithium5
Dilithium5,Post-Quantum,5,0.06159329414367676,0.004715149929244816,2592,0,102400,0.3231182098388672,0.054287098169427485,0.26810216903686523,0.01620641412496709,4595,Dilithium5
Dilithium5,Post-Quantum,5,0.06159329414367676,0.004715149929244816,2592,0,1048576,2.276925802230835,0.0726125594001582,2.2176296710968018,0.04909600250227785,4595,Dilithium5
Falcon-1024,Post-Quantum,5,15.184947490692139,3.5430968095555104,1793,0,1024,0.34634947776794434,0.013754355171804147,0.07335686683654785,0.0045835761874627075,1273,Falcon
Falcon-1024,Post-Quantum,5,15.184947490692139,3.5430968095555104,1793,0,10240,0.36754918098449707,0.015722694340974855,0.09277558326721191,0.00614397026605739,1270,Falcon
Falcon-1024,Post-Quantum,5,15.184947490692139,3.5430968095555104,1793,0,102400,0.557938814163208,0.034411563789744734,0.28031015396118164,0.012550322217741603,1270,Falcon
Falcon-1024,Post-Quantum,5,15.184947490692139,3.5430968095555104,1793,0,1048576,2.5203988552093506,0.07325270728989795,2.240600109100342,0.05905727124415616,1270,Falcon
Falcon-512,Post-Quantum,1,5.1166672706604,1.306146606569173,897,0,1024,0.18163204193115234,0.010485397568305483,0.04196929931640625,0.011886295974659303,656,Falcon
Falcon-512,Post-Quantum,1,5.1166672706604,1.306146606569173,897,0,10240,0.19750356674194336,0.007878267321949602,0.059354305267333984,0.003454219531362999,656,Falcon
Falcon-512,Post-Quantum,1,5.1166672706604,1.306146606569173,897,0,102400,0.38500452041625977,0.012402477937090596,0.2470834255218506,0.008314840173204953,654,Falcon
Falcon-512,Post-Quantum,1,5.1166672706604,1.306146606569173,897,0,1048576,2.337087869644165,0.05263538311866339,2.195272445678711,0.04759706754637669,657,Falcon
Falcon-padded-1024,Post-Quantum,5,15.12467098236084,3.685363740099599,1793,0,1024,0.3496272563934326,0.009993978885795854,0.07327151298522949,0.0028655956502211507,1280,Falcon
Falcon-padded-1024,Post-Quantum,5,15.12467098236084,3.685363740099599,1793,0,10240,0.37802767753601074,0.015623611567365057,0.09442138671875,0.004160858309865331,1280,Falcon
Falcon-padded-1024,Post-Quantum,5,15.12467098236084,3.685363740099599,1793,0,102400,0.5649683475494385,0.017724864911588277,0.2828688621520996,0.009068360136200418,1280,Falcon
Falcon-padded-1024,Post-Quantum,5,15.12467098236084,3.685363740099599,1793,0,1048576,2.499094247817993,0.05214195763753761,2.2181670665740967,0.044189604770168,1280,Falcon
Falcon-padded-512,Post-Quantum,1,5.097019910812378,1.2931020423830688,897,0,1024,0.1784372329711914,0.008171782799645474,0.0391995906829834,0.0022634548170300467,666,Falcon
Falcon-padded-512,Post-Quantum,1,5.097019910812378,1.2931020423830688,897,0,10240,0.19774079322814941,0.00727483331006994,0.05803227424621582,0.0025499307308524625,666,Falcon
Falcon-padded-512,Post-Quantum,1,5.097019910812378,1.2931020423830688,897,0,102400,0.3853647708892822,0.015210801586044919,0.24491286277770996,0.008555765830215981,666,Falcon
Falcon-padded-512,Post-Quantum,1,5.097019910812378,1.2931020423830688,897,0,1048576,2.336022138595581,0.05328400754665394,2.1931710243225098,0.04612273054328735,666,Falcon
MAYO-1,Post-Quantum,1,0.013622522354125977,0.0019666314728792314,1168,0,1024,0.054865360260009766,0.0021224760026851857,0.017560482025146484,0.001649165353245446,321,MAYO
MAYO-1,Post-Quantum,1,0.013622522354125977,0.0019666314728792314,1168,0,10240,0.07346725463867188,0.0029569792930034073,0.03642582893371582,0.003451153519363823,321,MAYO
MAYO-1,Post-Quantum,1,0.013622522354125977,0.0019666314728792314,1168,0,102400,0.2615354061126709,0.007710713836825903,0.22325968742370605,0.0067882649003782195,321,MAYO
MAYO-1,Post-Quantum,1,0.013622522354125977,0.0019666314728792314,1168,0,1048576,2.2118899822235107,0.07091280318450344,2.1699886322021484,0.05659909211069803,321,MAYO
MAYO-2,Post-Quantum,1,0.026643991470336914,0.0015792237483992953,5488,0,1024,0.06446504592895508,0.0023652156972589406,0.016055822372436523,0.00094262369599608,180,MAYO
MAYO-2,Post-Quantum,1,0.026643991470336914,0.0015792237483992953,5488,0,10240,0.08329653739929199,0.003339931654134395,0.03472089767456055,0.0014866903981349594,180,MAYO
MAYO-2,Post-Quantum,1,0.026643991470336914,0.0015792237483992953,5488,0,102400,0.2719876766204834,0.009285161283559912,0.2228069305419922,0.007704630569034367,180,MAYO
MAYO-2,Post-Quantum,1,0.026643991470336914,0.0015792237483992953,5488,0,1048576,2.2223289012908936,0.053834606774053356,2.1697702407836914,0.049102980418532324,180,MAYO
MAYO-3,Post-Quantum,3,0.049521684646606445,0.00375610533939448,2656,0,1024,0.1832587718963623,0.007898716313629685,0.061792850494384766,0.0034464501690398487,577,MAYO
MAYO-3,Post-Quantum,3,0.049521684646606445,0.00375610533939448,2656,0,10240,0.2013552188873291,0.0075715598905562835,0.0802302360534668,0.003696317733394169,577,MAYO
MAYO-3,Post-Quantum,3,0.049521684646606445,0.00375610533939448,2656,0,102400,0.38790464401245117,0.010773016510002951,0.2668638229370117,0.00757670513187159,577,MAYO
MAYO-3,Post-Quantum,3,0.049521684646606445,0.00375610533939448,2656,0,1048576,2.3364880084991455,0.05075926706731501,2.2126123905181885,0.04697892684725973,577,MAYO
MAYO-5,Post-Quantum,5,0.1068267822265625,0.005156701781157528,5008,0,1024,0.3610103130340576,0.013403149571569893,0.11473846435546875,0.0047679453659307995,838,MAYO
MAYO-5,Post-Quantum,5,0.1068267822265625,0.005156701781157528,5008,0,10240,0.38556790351867676,0.024763477769305958,0.13445138931274414,0.00819995324398309,838,MAYO
MAYO-5,Post-Quantum,5,0.1068267822265625,0.005156701781157528,5008,0,102400,0.5715224742889404,0.015365221347075051,0.3213319778442383,0.009719224261122483,838,MAYO
MAYO-5,Post-Quantum,5,0.1068267822265625,0.005156701781157528,5008,0,1048576,2.517794609069824,0.05039309591725439,2.2659974098205566,0.04605376642900015,838,MAYO
ML-DSA-44,Post-Quantum,2,0.02405834197998047,0.0022571017249195273,1312,0,1024,0.060775041580200195,0.03283221793508907,0.0252530574798584,0.0012883527409046304,2420,ML
ML-DSA-44,Post-Quantum,2,0.02405834197998047,0.0022571017249195273,1312,0,10240,0.07840156555175781,0.03244634615049137,0.044180870056152344,0.0026439226851617337,2420,ML
ML-DSA-44,Post-Quantum,2,0.02405834197998047,0.0022571017249195273,1312,0,102400,0.26834630966186523,0.03345658127535143,0.23134875297546387,0.007025903022426164,2420,ML
ML-DSA-44,Post-Quantum,2,0.02405834197998047,0.0022571017249195273,1312,0,1048576,2.215554714202881,0.05421341762751748,2.178546667098999,0.04317409594266932,2420,ML
ML-DSA-65,Post-Quantum,3,0.044315338134765625,0.0072887629137675875,1952,0,1024,0.09739255905151367,0.05097794113234897,0.03993988037109375,0.002702531121970653,3309,ML
ML-DSA-65,Post-Quantum,3,0.044315338134765625,0.0072887629137675875,1952,0,10240,0.11725497245788574,0.056493228834146626,0.05800318717956543,0.002894532255319812,3309,ML
ML-DSA-65,Post-Quantum,3,0.044315338134765625,0.0072887629137675875,1952,0,102400,0.29997992515563965,0.05353058770186916,0.24374151229858398,0.006806513148300669,3309,ML
ML-DSA-65,Post-Quantum,3,0.044315338134765625,0.0072887629137675875,1952,0,1048576,2.25062894821167,0.0973148311168835,2.1904866695404053,0.059823753801284,3309,ML
ML-DSA-87,Post-Quantum,5,0.06138467788696289,0.004509395104104582,2592,0,1024,0.11924457550048828,0.05492624908717678,0.059995412826538086,0.003273311519637694,4627,ML
ML-DSA-87,Post-Quantum,5,0.06138467788696289,0.004509395104104582,2592,0,10240,0.13341760635375977,0.05041538589891285,0.07767415046691895,0.0030151842840728366,4627,ML
ML-DSA-87,Post-Quantum,5,0.06138467788696289,0.004509395104104582,2592,0,102400,0.32228970527648926,0.05328598226918528,0.26657652854919434,0.008736153834033016,4627,ML
ML-DSA-87,Post-Quantum,5,0.06138467788696289,0.004509395104104582,2592,0,1048576,2.2719621658325195,0.07190340463578446,2.213514804840088,0.04711453979956501,4627,ML
SPHINCS+-SHA2-128f-simple,Post-Quantum,1,0.26841092109680176,0.006886112165782377,32,0,1024,6.407197713851929,0.45522373596548416,0.5098004341125488,0.04642882472993258,17088,SPHINCS+
SPHINCS+-SHA2-128f-simple,Post-Quantum,1,0.26841092109680176,0.006886112165782377,32,0,10240,6.355087757110596,0.1481698098633377,0.5078368186950684,0.020632914529662535,17088,SPHINCS+
SPHINCS+-SHA2-128f-simple,Post-Quantum,1,0.26841092109680176,0.006886112165782377,32,0,102400,6.500111103057861,0.2984786357895313,0.5677201747894287,0.03173626462092213,17088,SPHINCS+
SPHINCS+-SHA2-128f-simple,Post-Quantum,1,0.26841092109680176,0.006886112165782377,32,0,1048576,7.644726037979126,0.3970171173536559,1.177363395690918,0.07437897438342163,17088,SPHINCS+
SPHINCS+-SHA2-128s-simple,Post-Quantum,1,17.33060359954834,0.9260899774401358,32,0,1024,130.68731689453125,2.4836439610328997,0.21216869354248047,0.015439976874213166,7856,SPHINCS+
SPHINCS+-SHA2-128s-simple,Post-Quantum,1,17.33060359954834,0.9260899774401358,32,0,10240,130.34640645980835,1.9278471797367283,0.2162160873413086,0.015398932823262082,7856,SPHINCS+
SPHINCS+-SHA2-128s-simple,Post-Quantum,1,17.33060359954834,0.9260899774401358,32,0,102400,130.61160469055176,2.0068377929982604,0.2782416343688965,0.023274698526408164,7856,SPHINCS+
SPHINCS+-SHA2-128s-simple,Post-Quantum,1,17.33060359954834,0.9260899774401358,32,0,1048576,131.96980333328247,2.7368349580510167,0.9216759204864502,0.03659806769312931,7856,SPHINCS+
SPHINCS+-SHA2-192f-simple,Post-Quantum,3,0.40821266174316406,0.04751321456385626,48,0,1024,10.917319297790527,0.48521783533673235,0.784121036529541,0.04328387167567902,35664,SPHINCS+
SPHINCS+-SHA2-192f-simple,Post-Quantum,3,0.40821266174316406,0.04751321456385626,48,0,10240,10.901382207870483,0.35499023490541637,0.794640302658081,0.036148242830489764,35664,SPHINCS+
SPHINCS+-SHA2-192f-simple,Post-Quantum,3,0.40821266174316406,0.04751321456385626,48,0,102400,11.122937202453613,0.38865965385614865,0.909282922744751,0.04272623418202136,35664,SPHINCS+
SPHINCS+-SHA2-192f-simple,Post-Quantum,3,0.40821266174316406,0.04751321456385626,48,0,1048576,13.549910545349121,0.45262110117350646,2.1510236263275146,0.10580292417116277,35664,SPHINCS+
SPHINCS+-SHA2-192s-simple,Post-Quantum,3,25.475266933441162,0.8251198850606828,48,0,1024,246.34282279014587,5.310924409189061,0.35361242294311523,0.02434214349273709,16224,SPHINCS+
SPHINCS+-SHA2-192s-simple,Post-Quantum,3,25.475266933441162,0.8251198850606828,48,0,10240,244.640034198761,3.387811504686664,0.3618917465209961,0.02022520495485079,16224,SPHINCS+
SPHINCS+-SHA2-192s-simple,Post-Quantum,3,25.475266933441162,0.8251198850606828,48,0,102400,246.11429286003113,4.394055351641895,0.48716139793395996,0.03105775815297551,16224,SPHINCS+
SPHINCS+-SHA2-192s-simple,Post-Quantum,3,25.475266933441162,0.8251198850606828,48,0,1048576,248.00020933151245,3.5179974214207173,1.7736661434173584,0.06255487175736352,16224,SPHINCS+
SPHINCS+-SHA2-256f-simple,Post-Quantum,5,1.0643184185028076,0.02895893871605483,64,0,1024,22.440303802490234,0.7164222380302447,0.817598819732666,0.0613295087540739,49856,SPHINCS+
SPHINCS+-SHA2-256f-simple,Post-Quantum,5,1.0643184185028076,0.02895893871605483,64,0,10240,22.490832328796387,0.816086384560065,0.8311741352081299,0.05096771514100653,49856,SPHINCS+
SPHINCS+-SHA2-256f-simple,Post-Quantum,5,1.0643184185028076,0.02895893871605483,64,0,102400,22.68703556060791,0.6995431916785386,0.9495737552642822,0.06226491126321087,49856,SPHINCS+
SPHINCS+-SHA2-256f-simple,Post-Quantum,5,1.0643184185028076,0.02895893871605483,64,0,1048576,25.092835426330566,0.7501743120523789,2.2052063941955566,0.07886509296884207,49856,SPHINCS+
SPHINCS+-SHA2-256s-simple,Post-Quantum,5,16.972837448120117,0.31746013602399464,64,0,1024,222.80730748176575,4.360942516841014,0.47574687004089355,0.025187119920631308,29792,SPHINCS+
SPHINCS+-SHA2-256s-simple,Post-Quantum,5,16.972837448120117,0.31746013602399464,64,0,10240,224.29049134254456,3.664057088259047,0.4935722351074219,0.03945684656283813,29792,SPHINCS+
SPHINCS+-SHA2-256s-simple,Post-Quantum,5,16.972837448120117,0.31746013602399464,64,0,102400,225.89298343658447,4.54421015253091,0.6175730228424072,0.04445724155068441,29792,SPHINCS+
SPHINCS+-SHA2-256s-simple,Post-Quantum,5,16.972837448120117,0.31746013602399464,64,0,1048576,224.9814395904541,4.131451534140305,1.8945503234863281,0.0987224931286994,29792,SPHINCS+
SPHINCS+-SHAKE-128f-simple,Post-Quantum,1,0.5078818798065186,0.015347177238354066,32,0,1024,11.821576118469238,0.525927324521971,0.8564183712005615,0.044858860048386774,17088,SPHINCS+
SPHINCS+-SHAKE-128f-simple,Post-Quantum,1,0.5078818798065186,0.015347177238354066,32,0,10240,11.850027561187744,0.33526702975125766,0.87381911277771,0.033935352682799805,17088,SPHINCS+
SPHINCS+-SHAKE-128f-simple,Post-Quantum,1,0.5078818798065186,0.015347177238354066,32,0,102400,12.212361812591553,0.35428342307986155,1.0634698867797852,0.04262252872099994,17088,SPHINCS+
SPHINCS+-SHAKE-128f-simple,Post-Quantum,1,0.5078818798065186,0.015347177238354066,32,0,1048576,16.04356026649475,0.3851146984562235,3.0157675743103027,0.07542815616064269,17088,SPHINCS+
SPHINCS+-SHAKE-128s-simple,Post-Quantum,1,32.825852155685425,0.8781224828973939,32,0,1024,248.89505195617676,3.266169744913893,0.3432447910308838,0.01925116876843854,7856,SPHINCS+
SPHINCS+-SHAKE-128s-simple,Post-Quantum,1,32.825852155685425,0.8781224828973939,32,0,10240,249.25329518318176,3.897339024831316,0.36332058906555176,0.016201193958161716,7856,SPHINCS+
SPHINCS+-SHAKE-128s-simple,Post-Quantum,1,32.825852155685425,0.8781224828973939,32,0,102400,249.48361468315125,3.6491234324935062,0.553246259689331,0.021222237193706372,7856,SPHINCS+
SPHINCS+-SHAKE-128s-simple,Post-Quantum,1,32.825852155685425,0.8781224828973939,32,0,1048576,253.1377408504486,3.668577503598356,2.5537514686584473,0.05814105108455093,7856,SPHINCS+
SPHINCS+-SHAKE-192f-simple,Post-Quantum,3,0.751751184463501,0.015503500011254213,48,0,1024,19.627675533294678,0.8777835561012047,1.2397229671478271,0.06477104702389286,35664,SPHINCS+
SPHINCS+-SHAKE-192f-simple,Post-Quantum,3,0.751751184463501,0.015503500011254213,48,0,10240,19.667906284332275,0.5954122221946165,1.2602043151855469,0.06676100549762624,35664,SPHINCS+
SPHINCS+-SHAKE-192f-simple,Post-Quantum,3,0.751751184463501,0.015503500011254213,48,0,102400,19.97727346420288,0.4153671024105376,1.444732904434204,0.048558658683616654,35664,SPHINCS+
SPHINCS+-SHAKE-192f-simple,Post-Quantum,3,0.751751184463501,0.015503500011254213,48,0,1048576,23.836464166641235,0.6420443133193445,3.4214999675750732,0.08157592262288822,35664,SPHINCS+
SPHINCS+-SHAKE-192s-simple,Post-Quantum,3,48.79241967201233,1.2740034426517013,48,0,1024,436.4916956424713,4.7004198187574096,0.4772918224334717,0.026723519880080874,16224,SPHINCS+
SPHINCS+-SHAKE-192s-simple,Post-Quantum,3,48.79241967201233,1.2740034426517013,48,0,10240,436.9625186920166,6.473716204903555,0.4977777004241944,0.028172716482860113,16224,SPHINCS+
SPHINCS+-SHAKE-192s-simple,Post-Quantum,3,48.79241967201233,1.2740034426517013,48,0,102400,436.66604828834534,4.246659051057342,0.6865079402923584,0.02413727613333587,16224,SPHINCS+
SPHINCS+-SHAKE-192s-simple,Post-Quantum,3,48.79241967201233,1.2740034426517013,48,0,1048576,440.75967955589294,5.572729075399448,2.691049098968506,0.05389032894784191,16224,SPHINCS+
SPHINCS+-SHAKE-256f-simple,Post-Quantum,5,1.9762909412384035,0.04635545877553647,64,0,1024,39.685630321502686,0.5045637196639765,1.2510125637054443,0.03145264565977943,49856,SPHINCS+
SPHINCS+-SHAKE-256f-simple,Post-Quantum,5,1.9762909412384035,0.04635545877553647,64,0,10240,39.77069306373596,0.686933677394598,1.2708334922790527,0.041747552985181666,49856,SPHINCS+
SPHINCS+-SHAKE-256f-simple,Post-Quantum,5,1.9762909412384035,0.04635545877553647,64,0,102400,40.40728139877319,1.263417961432139,1.4725110530853271,0.0772299634949765,49856,SPHINCS+
SPHINCS+-SHAKE-256f-simple,Post-Quantum,5,1.9762909412384035,0.04635545877553647,64,0,1048576,44.05016040802002,1.0250191636891466,3.4477388858795166,0.0803880900801811,49856,SPHINCS+
SPHINCS+-SHAKE-256s-simple,Post-Quantum,5,31.452030181884762,0.7265361643446485,64,0,1024,375.753214597702,4.711661955278688,0.6682572364807129,0.03025312517592289,29792,SPHINCS+
SPHINCS+-SHAKE-256s-simple,Post-Quantum,5,31.452030181884762,0.7265361643446485,64,0,10240,375.4210681915283,4.806961960649896,0.687758207321167,0.02942001036975444,29792,SPHINCS+
SPHINCS+-SHAKE-256s-simple,Post-Quantum,5,31.452030181884762,0.7265361643446485,64,0,102400,376.6642107963562,5.338995967885692,0.8792309761047363,0.031868946342872496,29792,SPHINCS+
SPHINCS+-SHAKE-256s-simple,Post-Quantum,5,31.452030181884762,0.7265361643446485,64,0,1048576,379.7113456726074,4.438020356137168,2.8800206184387207,0.05907596195353699,29792,SPHINCS+
cross-rsdp-128-balanced,Post-Quantum,1,0.01453089714050293,0.0009836085837892808,77,0,1024,0.6044442653656006,0.0204095122654275,0.40660619735717773,0.013931214180925293,12912,cross
cross-rsdp-128-balanced,Post-Quantum,1,0.01453089714050293,0.0009836085837892808,77,0,10240,0.6222140789031982,0.023835652229209595,0.4221353530883789,0.016010207734323084,12912,cross
cross-rsdp-128-balanced,Post-Quantum,1,0.01453089714050293,0.0009836085837892808,77,0,102400,0.7918572425842285,0.07512982767048135,0.5873405933380127,0.053179050969212306,12912,cross
cross-rsdp-128-balanced,Post-Quantum,1,0.01453089714050293,0.0009836085837892808,77,0,1048576,2.370579242706299,0.07915333346178145,2.17183256149292,0.07503010930550129,12912,cross
cross-rsdp-128-fast,Post-Quantum,1,0.014711380004882812,0.0010063519157317675,77,0,1024,0.368131160736084,0.035570039356632624,0.22749781608581543,0.023670254858989843,19152,cross
cross-rsdp-128-fast,Post-Quantum,1,0.014711380004882812,0.0010063519157317675,77,0,10240,0.37729859352111816,0.03131364237965089,0.2375013828277588,0.019213013513707685,19152,cross
cross-rsdp-128-fast,Post-Quantum,1,0.014711380004882812,0.0010063519157317675,77,0,102400,0.5313918590545654,0.029883512757766382,0.39014148712158203,0.02081140688460079,19152,cross
cross-rsdp-128-fast,Post-Quantum,1,0.014711380004882812,0.0010063519157317675,77,0,1048576,2.135855197906494,0.06608535897812233,1.990353345870972,0.05771477164240311,19152,cross
cross-rsdp-128-small,Post-Quantum,1,0.015164613723754883,0.0008150629516428727,77,0,1024,2.2157135009765625,0.11072302526581247,1.562654733657837,0.0694494483713083,10080,cross
cross-rsdp-128-small,Post-Quantum,1,0.015164613723754883,0.0008150629516428727,77,0,10240,2.2200469970703125,0.06491392897699767,1.5753469467163086,0.04293983194224507,10080,cross
cross-rsdp-128-small,Post-Quantum,1,0.015164613723754883,0.0008150629516428727,77,0,102400,2.366852283477783,0.0442207756644446,1.7206063270568848,0.032989241819316596,10080,cross
cross-rsdp-128-small,Post-Quantum,1,0.015164613723754883,0.0008150629516428727,77,0,1048576,3.9666368961334224,0.10024916443539776,3.312520980834961,0.07760030156443762,10080,cross
cross-rsdp-192-balanced,Post-Quantum,3,0.029618024826049805,0.0011659977796480698,115,0,1024,1.3353641033172607,0.0692170900531982,0.930290699005127,0.042961805357456875,28222,cross
cross-rsdp-192-balanced,Post-Quantum,3,0.029618024826049805,0.0011659977796480698,115,0,10240,1.3446869850158691,0.026046759280357358,0.9435508251190186,0.023685616288578543,28222,cross
cross-rsdp-192-balanced,Post-Quantum,3,0.029618024826049805,0.0011659977796480698,115,0,102400,1.535757064819336,0.033170832875044985,1.1334612369537354,0.029485574173913266,28222,cross
cross-rsdp-192-balanced,Post-Quantum,3,0.029618024826049805,0.0011659977796480698,115,0,1048576,3.4884233474731445,0.08921356962278718,3.0758702754974365,0.074906756072175,28222,cross
cross-rsdp-192-fast,Post-Quantum,3,0.0295870304107666,0.0013914658760740518,115,0,1024,0.8050894737243652,0.020708771939320372,0.50567626953125,0.011228812452878949,42682,cross
cross-rsdp-192-fast,Post-Quantum,3,0.0295870304107666,0.0013914658760740518,115,0,10240,0.8317322731018066,0.02400391879033476,0.5287380218505859,0.013861506624992897,42682,cross
cross-rsdp-192-fast,Post-Quantum,3,0.0295870304107666,0.0013914658760740518,115,0,102400,1.0052568912506104,0.02068715076252695,0.7126727104187012,0.018646129237465444,42682,cross
cross-rsdp-192-fast,Post-Quantum,3,0.0295870304107666,0.0013914658760740518,115,0,1048576,2.95808744430542,0.08631931274365759,2.6598286628723145,0.07023287831800876,42682,cross
cross-rsdp-192-small,Post-Quantum,3,0.030792713165283203,0.0011304733019225363,115,0,1024,3.1173934936523438,0.05715483955225968,2.1965086460113525,0.043675103170019595,23642,cross
cross-rsdp-192-small,Post-Quantum,3,0.030792713165283203,0.0011304733019225363,115,0,10240,3.144123077392578,0.09861117160661287,2.217595100402832,0.05966493807956382,23642,cross
cross-rsdp-192-small,Post-Quantum,3,0.030792713165283203,0.0011304733019225363,115,0,102400,3.3384172916412354,0.09109282880169474,2.4123687744140625,0.06199053557325265,23642,cross
cross-rsdp-192-small,Post-Quantum,3,0.030792713165283203,0.0011304733019225363,115,0,1048576,5.293463706970215,0.14600940990306796,4.349771976470947,0.10651154928443334,23642,cross
cross-rsdp-256-balanced,Post-Quantum,5,0.04271054267883301,0.0020483072687134183,153,0,1024,2.1893911361694336,0.04153077498550283,1.4848837852478027,0.032185025608391336,51056,cross
cross-rsdp-256-balanced,Post-Quantum,5,0.04271054267883301,0.0020483072687134183,153,0,10240,2.2127323150634766,0.044393802953443966,1.5028183460235596,0.033928900814688114,51056,cross
cross-rsdp-256-balanced,Post-Quantum,5,0.04271054267883301,0.0020483072687134183,153,0,102400,2.4028077125549316,0.08399807069684684,1.691277265548706,0.05525720615762685,51056,cross
cross-rsdp-256-balanced,Post-Quantum,5,0.04271054267883301,0.0020483072687134183,153,0,1048576,4.346151351928711,0.09670713221613919,3.6279077529907227,0.0778245390136957,51056,cross
cross-rsdp-256-fast,Post-Quantum,5,0.04277467727661133,0.001644326116435334,153,0,1024,1.3996870517730713,0.05664282882311021,0.8912546634674072,0.03807500349821298,76298,cross
cross-rsdp-256-fast,Post-Quantum,5,0.04277467727661133,0.001644326116435334,153,0,10240,1.4134666919708252,0.040234054568348054,0.9045717716217041,0.02538510651888927,76298,cross
cross-rsdp-256-fast,Post-Quantum,5,0.04277467727661133,0.001644326116435334,153,0,102400,1.6109347343444824,0.0661774149238692,1.0988879203796387,0.04059850420076059,76298,cross
cross-rsdp-256-fast,Post-Quantum,5,0.04277467727661133,0.001644326116435334,153,0,1048576,3.544739246368408,0.07011660022932699,3.034961462020874,0.0615314405767352,76298,cross
cross-rsdp-256-small,Post-Quantum,5,0.04420590400695801,0.0015390548279523373,153,0,1024,4.13998818397522,0.1112860246554123,2.8764095306396484,0.06863621646348081,43592,cross
cross-rsdp-256-small,Post-Quantum,5,0.04420590400695801,0.0015390548279523373,153,0,10240,4.1545703411102295,0.0969941509719589,2.8961689472198486,0.05879633247661649,43592,cross
cross-rsdp-256-small,Post-Quantum,5,0.04420590400695801,0.0015390548279523373,153,0,102400,4.365203619003296,0.16020260806760356,3.09578013420105,0.08550337913147281,43592,cross
cross-rsdp-256-small,Post-Quantum,5,0.04420590400695801,0.0015390548279523373,153,0,1048576,6.320001602172852,0.2636726935208936,5.037786960601807,0.16883908145087131,43592,cross
cross-rsdpg-128-balanced,Post-Quantum,1,0.00857686996459961,0.0005783960038447414,54,0,1024,0.4432671070098877,0.014426026738373298,0.27669310569763184,0.009867156112954495,9236,cross
cross-rsdpg-128-balanced,Post-Quantum,1,0.00857686996459961,0.0005783960038447414,54,0,10240,0.45149779319763184,0.011147699234246926,0.28739404678344727,0.008559994928768267,9236,cross
cross-rsdpg-128-balanced,Post-Quantum,1,0.00857686996459961,0.0005783960038447414,54,0,102400,0.6101272106170654,0.018248744814562137,0.44203758239746094,0.012247658713023208,9236,cross
cross-rsdpg-128-balanced,Post-Quantum,1,0.00857686996459961,0.0005783960038447414,54,0,1048576,2.196471929550171,0.061355122226383785,2.027228355407715,0.05129571305409802,9236,cross
cross-rsdpg-128-fast,Post-Quantum,1,0.009198188781738281,0.0008789080298591182,54,0,1024,0.24932622909545898,0.020529923986713286,0.15454912185668945,0.010956154586040979,12472,cross
cross-rsdpg-128-fast,Post-Quantum,1,0.009198188781738281,0.0008789080298591182,54,0,10240,0.2611837387084961,0.00794827522478685,0.16802716255187988,0.004151537410861503,12472,cross
cross-rsdpg-128-fast,Post-Quantum,1,0.009198188781738281,0.0008789080298591182,54,0,102400,0.41559863090515137,0.01163258245342479,0.321824312210083,0.011061341932546367,12472,cross
cross-rsdpg-128-fast,Post-Quantum,1,0.009198188781738281,0.0008789080298591182,54,0,1048576,2.0041117668151855,0.046454334395493624,1.9098732471466064,0.045818417626000876,12472,cross
cross-rsdpg-128-small,Post-Quantum,1,0.008525609970092773,0.000636757019919856,54,0,1024,1.5166349411010742,0.07119188433906964,0.9649183750152588,0.04166057039058491,7956,cross
cross-rsdpg-128-small,Post-Quantum,1,0.008525609970092773,0.000636757019919856,54,0,10240,1.5289480686187744,0.061599996952187215,0.9786131381988524,0.035127829829583596,7956,cross
cross-rsdpg-128-small,Post-Quantum,1,0.008525609970092773,0.000636757019919856,54,0,102400,1.694077491760254,0.09260295145779816,1.140211582183838,0.062352664651378224,7956,cross
cross-rsdpg-128-small,Post-Quantum,1,0.008525609970092773,0.000636757019919856,54,0,1048576,3.2917191982269287,0.11775872390858,2.732274293899536,0.08248235343808791,7956,cross
cross-rsdpg-192-balanced,Post-Quantum,3,0.015073299407958984,0.0009578587997723599,83,0,1024,0.6865131855010986,0.024911986402876517,0.4229569435119629,0.016001016528107877,23380,cross
cross-rsdpg-192-balanced,Post-Quantum,3,0.015073299407958984,0.0009578587997723599,83,0,10240,0.7041702270507812,0.01823914282265864,0.4401371479034424,0.01123436905651391,23380,cross
cross-rsdpg-192-balanced,Post-Quantum,3,0.015073299407958984,0.0009578587997723599,83,0,102400,0.8936033248901367,0.021369386972058375,0.6278915405273438,0.016240403306560784,23380,cross
cross-rsdpg-192-balanced,Post-Quantum,3,0.015073299407958984,0.0009578587997723599,83,0,1048576,2.838768243789673,0.0612060500200952,2.57210111618042,0.055523931891033565,23380,cross
cross-rsdpg-192-fast,Post-Quantum,3,0.01441502571105957,0.0011636800041677278,83,0,1024,0.576887845993042,0.01422562278603314,0.36104750633239746,0.011264190043551035,27404,cross
cross-rsdpg-192-fast,Post-Quantum,3,0.01441502571105957,0.0011636800041677278,83,0,10240,0.5958495140075684,0.022763008968965062,0.3804926872253418,0.015218103818309094,27404,cross
cross-rsdpg-192-fast,Post-Quantum,3,0.01441502571105957,0.0011636800041677278,83,0,102400,0.7829031944274902,0.017531534736877897,0.566474437713623,0.012842772226257397,27404,cross
cross-rsdpg-192-fast,Post-Quantum,3,0.01441502571105957,0.0011636800041677278,83,0,1048576,2.753376007080078,0.08528927672066458,2.5321366786956787,0.06983215526072789,27404,cross
cross-rsdpg-192-small,Post-Quantum,3,0.014406442642211914,0.0006197220781170312,83,0,1024,2.460714340209961,0.04897468831023509,1.5408220291137695,0.03311768892261056,18188,cross
cross-rsdpg-192-small,Post-Quantum,3,0.014406442642211914,0.0006197220781170312,83,0,10240,2.491547107696533,0.07310361312071288,1.5640900135040283,0.045518340786958225,18188,cross
cross-rsdpg-192-small,Post-Quantum,3,0.014406442642211914,0.0006197220781170312,83,0,102400,2.6862072944641113,0.13223242565637505,1.7552976608276367,0.07637913109222148,18188,cross
cross-rsdpg-192-small,Post-Quantum,3,0.014406442642211914,0.0006197220781170312,83,0,1048576,4.627064228057861,0.12958681872952746,3.6919476985931396,0.09335731499148209,18188,cross
cross-rsdpg-256-balanced,Post-Quantum,5,0.02155160903930664,0.002454840450107035,106,0,1024,1.1182868480682373,0.04390776116518028,0.6873300075531006,0.026198689716311077,40134,cross
cross-rsdpg-256-balanced,Post-Quantum,5,0.02155160903930664,0.002454840450107035,106,0,10240,1.1404645442962646,0.043638597322843545,0.7084002494812012,0.022768821371273902,40134,cross
cross-rsdpg-256-balanced,Post-Quantum,5,0.02155160903930664,0.002454840450107035,106,0,102400,1.3196465969085693,0.02497669324907626,0.8950746059417725,0.023523487612295533,40134,cross
cross-rsdpg-256-balanced,Post-Quantum,5,0.02155160903930664,0.002454840450107035,106,0,1048576,3.2652809619903564,0.06564895532913134,2.8338301181793213,0.05731033180194276,40134,cross
cross-rsdpg-256-fast,Post-Quantum,5,0.021127939224243164,0.0016344512813436195,106,0,1024,0.9280097484588623,0.04186603975037071,0.5858199596405029,0.022835040922141732,48938,cross
cross-rsdpg-256-fast,Post-Quantum,5,0.021127939224243164,0.0016344512813436195,106,0,10240,0.9472200870513916,0.04637795880892512,0.6055963039398193,0.03326202024564007,48938,cross
cross-rsdpg-256-fast,Post-Quantum,5,0.021127939224243164,0.0016344512813436195,106,0,102400,1.1513502597808838,0.08703524037590474,0.8052761554718018,0.05684306276478863,48938,cross
cross-rsdpg-256-fast,Post-Quantum,5,0.021127939224243164,0.0016344512813436195,106,0,1048576,3.05753493309021,0.05482595369378984,2.7246694564819336,0.05080469526332624,48938,cross
cross-rsdpg-256-small,Post-Quantum,5,0.021100521087646484,0.0007768932964637963,106,0,1024,3.0395185947418213,0.0772792833591752,1.833012342453003,0.048708220451586626,32742,cross
cross-rsdpg-256-small,Post-Quantum,5,0.021100521087646484,0.0007768932964637963,106,0,10240,3.0535542964935303,0.08742147679381145,1.8480119705200195,0.054257036383640767,32742,cross
cross-rsdpg-256-small,Post-Quantum,5,0.021100521087646484,0.0007768932964637963,106,0,102400,3.2674033641815186,0.09721509879996225,2.050370216369629,0.062409863144055826,32742,cross
cross-rsdpg-256-small,Post-Quantum,5,0.021100521087646484,0.0007768932964637963,106,0,1048576,5.227004289627075,0.18153951929524142,4.002492189407349,0.1372073136490442,32742,cross
RSA-2048,Classical,1,36.01783329248428,21.791364343853143,294,0,1024,0.5436863899230957,0.0389874924644154,0.03832888603210449,0.005527460216082678,256,RSA
RSA-2048,Classical,1,36.01783329248428,21.791364343853143,294,0,10240,0.5498578548431396,0.044263017330081214,0.043677568435668945,0.006459349347090915,256,RSA
RSA-2048,Classical,1,36.01783329248428,21.791364343853143,294,0,102400,0.6055548191070557,0.048228447829208085,0.0967397689819336,0.00868297573460295,256,RSA
RSA-2048,Classical,1,36.01783329248428,21.791364343853143,294,0,1048576,1.141050100326538,0.05266169319021909,0.6317815780639648,0.025442022425932076,256,RSA
RSA-3072,Classical,3,133.66926950216293,85.55765982902763,422,0,1024,1.2140636444091797,0.06716273077894841,0.06156516075134277,0.013730652591709679,384,RSA
RSA-3072,Classical,3,133.66926950216293,85.55765982902763,422,0,10240,1.2189991474151611,0.070715609461476,0.06635713577270508,0.008397548840754757,384,RSA
RSA-3072,Classical,3,133.66926950216293,85.55765982902763,422,0,102400,1.2653255462646484,0.04915334268895641,0.11792421340942383,0.008872304319377496,384,RSA
RSA-3072,Classical,3,133.66926950216293,85.55765982902763,422,0,1048576,1.8102355003356934,0.0612848241457955,0.6542685031890869,0.027428084723830425,384,RSA
RSA-4096,Classical,5,380.2587234377861,243.20434963142174,550,0,1024,2.2057197093963623,0.11165858420255945,0.08950257301330566,0.012339142053217813,512,RSA
RSA-4096,Classical,5,380.2587234377861,243.20434963142174,550,0,10240,2.1994478702545166,0.07904661457566085,0.09354686737060547,0.009066652947921822,512,RSA
RSA-4096,Classical,5,380.2587234377861,243.20434963142174,550,0,102400,2.255554676055908,0.06918000822921595,0.1463003158569336,0.010620929869162708,512,RSA
RSA-4096,Classical,5,380.2587234377861,243.20434963142174,550,0,1048576,2.8156683444976807,0.13155798404039454,0.6875166893005371,0.03577234004217862,512,RSA
ECDSA-256,Classical,1,0.015155494213104248,0.0022943381027182006,91,0,1024,0.03910112380981445,0.052062678515670875,0.07144951820373535,0.004146134318519612,71,ECDSA
ECDSA-256,Classical,1,0.015155494213104248,0.0022943381027182006,91,0,10240,0.042426347732543945,0.0033354784694195633,0.0764927864074707,0.00610309858312969,72,ECDSA
ECDSA-256,Classical,1,0.015155494213104248,0.0022943381027182006,91,0,102400,0.09609007835388184,0.005637266206094843,0.13016772270202637,0.006451474724628945,71,ECDSA
ECDSA-256,Classical,1,0.015155494213104248,0.0022943381027182006,91,0,1048576,0.6283106803894043,0.02467453038343708,0.6621978282928467,0.028040239025091975,71,ECDSA
ECDSA-384,Classical,3,0.11989051103591919,0.008912376604075099,120,0,1024,0.19568943977355957,0.009802503955486264,0.38728976249694824,0.013222639540380707,103,ECDSA
ECDSA-384,Classical,3,0.11989051103591919,0.008912376604075099,120,0,10240,0.20331931114196777,0.0182355988336353,0.39752197265625,0.03771556036077267,102,ECDSA
ECDSA-384,Classical,3,0.11989051103591919,0.008912376604075099,120,0,102400,0.2535128593444824,0.012652665088539856,0.4462099075317383,0.020423329042485464,103,ECDSA
ECDSA-384,Classical,3,0.11989051103591919,0.008912376604075099,120,0,1048576,0.7818565368652344,0.019827818011621274,0.9727895259857178,0.022153217998645704,103,ECDSA
ECDSA-521,Classical,5,0.11248701810836792,0.010280743841553926,158,0,1024,0.23858952522277832,0.026434788210105073,0.4054830074310303,0.04195045193836352,138,ECDSA
ECDSA-521,Classical,5,0.11248701810836792,0.010280743841553926,158,0,10240,0.23906183242797852,0.00993154847691624,0.4028944969177246,0.013180366796632287,139,ECDSA
ECDSA-521,Classical,5,0.11248701810836792,0.010280743841553926,158,0,102400,0.2920529842376709,0.011813387543290189,0.4562375545501709,0.016416392936611415,138,ECDSA
ECDSA-521,Classical,5,0.11248701810836792,0.010280743841553926,158,0,1048576,0.825101375579834,0.041374206287426066,0.9907202720642089,0.05814429502666932,138,ECDSA
Ed25519-256,Classical,1,0.028742730617523193,0.003766378910118558,44,0,1024,0.029752731323242188,0.001778109331226408,0.08729696273803711,0.004058550248808073,64,Ed25519
Ed25519-256,Classical,1,0.028742730617523193,0.003766378910118558,44,0,10240,0.05243396759033203,0.003810225965736965,0.09850931167602539,0.003929282244800496,64,Ed25519
Ed25519-256,Classical,1,0.028742730617523193,0.003766378910118558,44,0,102400,0.2785189151763916,0.01014245568250388,0.21265721321105957,0.008176333575285636,64,Ed25519
Ed25519-256,Classical,1,0.028742730617523193,0.003766378910118558,44,0,1048576,2.5928781032562256,0.06834365081962342,1.3744547367095947,0.04740458737881041,64,Ed25519
